;,CEC Title-24 Residential Compliance Ruleset,,,,,,,,,,,
;,Central HPWH Compressors look-up table,,,,,,,,,,,
;,Last modified:,,08/03/26 - SAC,,,,,,,,,
;,,,,,,,,,,,,
;,Source Data:,,"Ben Larson, Paul Kintner, Chip Barnaby & Bruce Wilcox - 2020 CHPWH dev team",,,,,,,,,
;,,,,,,,,,,,,
;,Mod history:,,"08/03/26 - SAC - added new AOSmith, Laars, Nyle & Watts (and placeholder Rheem) models -AND- CHPWHCompTypeRpt column (to avoid having to edit rule logic for each added CHPWH) (dev #965)",,,,,,,,,
;,,,03/04/26 - SAC - added new IceAir models (dev #736),,,,,,,,,
;,,,12/18/24 - SAC - added new compressor type: Mitsubishi QAHV-N136TAU-HPB  (40kW cap @ 40F),,,,,,,,,
;,,,02/23/22 - SAC - added Nyle multi pass compressor types,,,,,,,,,
;,,,02/03/22 - SAC - updated Colmac CxV-5 compressor OutputCap from 10 to 14 kW,,,,,,,,,
;,,,01/18/22 - SAC - added multi pass compressor types,,,,,,,,,
;,,,"6/22/21 - SAC - added 'generic' 5, 11, 20, 26, 40 & 45 kW compressor types",,,,,,,,,
;,,,8/31/20 - SAC - created initial table from existing ruleset data and compressor capacity (kW) data from Ben Larson,,,,,,,,,
;,,,,,,,,,,,,
;,Independents:,,,,,,,,CSE Simulation Compressor Types,,,
;,,1,CHPWHCompType - numeric value that maps to DHWSys:CHPWHCompType,,,,,,TypeID,Name,OutputCap,
;,,,,,,,,,48,Colmac CxV-5,14,
;,Dependents:,,,,,,,,49,Colmac CxA-10,21,
;,,1,OutputCap - output heating capacity @ ambient 40 deg F,,,,,,50,Colmac CxA-15,29,
;,,,,,,,,,45,Colmac CxA-20,41,
;,,,,,,,,,51,Colmac CxA-25,49,
,TABLE T24RCHPWHCompressor,,,,,,,,52,Colmac CxA-30,57,
,,CHPWHCompType,OutputCap,CHPWHCompTypeRpt,,old name,new name,,53,Nyle C25A,5,
,,48,14,ColmacCxV5,;,Colmac CxV-5,Colmac CxV-5  (14kW cap @ 40F),,54,Nyle C60A,11,
,,49,21,ColmacCxA10,;,Colmac CxA-10,Colmac CxA-10  (21kW cap @ 40F),,55,Nyle C90A,20,
,,50,29,ColmacCxA15,;,Colmac CxA-15,Colmac CxA-15  (29kW cap @ 40F),,56,Nyle C125A,26,
,,45,41,ColmacCxA20,;,Colmac CxA-20,Colmac CxA-20  (41kW cap @ 40F),,46,Nyle C185A,40,
,,51,49,ColmacCxA25,;,Colmac CxA-25,Colmac CxA-25  (49kW cap @ 40F),,47,Nyle C250A,45,
,,52,57,ColmacCxA30,;,Colmac CxA-30,Colmac CxA-30  (57kW cap @ 40F),,67,Nyle C60A-CWP,11,
,,53,5,NyleC25A,;,Nyle C25A,Nyle C25A  (5kW cap @ 40F),,68,Nyle C90A-CWP,20,
,,54,11,NyleC60A,;,Nyle C60A,Nyle C60A  (11kW cap @ 40F),,69,Nyle C125A-CWP,26,
,,55,20,NyleC90A,;,Nyle C90A,Nyle C90A  (20kW cap @ 40F),,70,Nyle C185A-CWP,40,
,,56,26,NyleC125A,;,Nyle C125A,Nyle C125A  (26kW cap @ 40F),,71,Nyle C250A-CWP,45,
,,46,40,NyleC185A,;,Nyle C185A,Nyle C185A  (40kW cap @ 40F),,57,Sanden GS3-45HPA-US,4,
,,47,45,NyleC250A,;,Nyle C250A,Nyle C250A  (45kW cap @ 40F),,5,Nyle C60A  (MP),11,
,,67,11,NyleC60A_C,;,Nyle C60A-C,Nyle C60A-C  (11kW cap @ 40F),,6,Nyle C90A  (MP),20,
,,68,20,NyleC90A_C,;,Nyle C90A-C,Nyle C90A-C  (20kW cap @ 40F),,7,Nyle C125A  (MP),26,
,,69,26,NyleC125A_C,;,Nyle C125A-C,Nyle C125A-C  (26kW cap @ 40F),,8,Nyle C185A  (MP),41,
,,70,40,NyleC185A_C,;,Nyle C185A-C,Nyle C185A-C  (40kW cap @ 40F),,9,Nyle C250A  (MP),46,
,,71,45,NyleC250A_C,;,Nyle C250A-C,Nyle C250A-C  (45kW cap @ 40F),,25,Nyle C60A-CWP  (MP),11,
,,57,4,SandenGS345HPAUS,;,Sanden GS3-45HPA-US,Sanden GS3-45HPA-US  (4kW cap @ 40F),,26,Nyle C90A-CWP  (MP),20,
,,10,40,MitsubishiQAHVN136TAUHPB,;,Mitsubishi QAHV-N136TAU-HPB,Mitsubishi QAHV-N136TAU-HPB  (40kW cap @ 40F),,27,Nyle C125A-CWP  (MP),26,
,,153,5,LochinvarAHP025,;,Lochinvar AHP025-*-***N****,Lochinvar AHP025-*-***N****  (5kW cap @ 40F),,28,Nyle C185A-CWP  (MP),41,
,,154,11,LochinvarAHP060,;,Lochinvar AHP060-*-***N****,Lochinvar AHP060-*-***N****  (11kW cap @ 40F),,29,Nyle C250A-CWP  (MP),46,
,,155,20,LochinvarAHP090,;,Lochinvar AHP090-*-***N****,Lochinvar AHP090-*-***N****  (20kW cap @ 40F),,11,IceAir_ccHPWH275D_MP,70,03/04/26 - SAC (dev #736)
,,156,26,LochinvarAHP125,;,Lochinvar AHP125-*-***N****,Lochinvar AHP125-*-***N****  (26kW cap @ 40F),,12,IceAir_ccHPWH550D_MP,140,03/04/26 - SAC (dev #736)
,,146,40,LochinvarAHP185,;,Lochinvar AHP185-*-***N****,Lochinvar AHP185-*-***N****  (40kW cap @ 40F),,91,Generic-5,5,
,,147,45,LochinvarAHP250,;,Lochinvar AHP250-*-***N****,Lochinvar AHP250-*-***N****  (45kW cap @ 40F),,92,Generic-11,11,
,,253,5,AOSmithAHPA25,;,A. O. Smith AHPA-25-*-***N****,A. O. Smith AHPA-25-*-***N****  (5kW cap @ 40F),,93,Generic-20,20,
,,254,11,AOSmithAHPA60,;,A. O. Smith AHPA-60-*-***N****,A. O. Smith AHPA-60-*-***N****  (11kW cap @ 40F),,94,Generic-26,26,
,,255,20,AOSmithAHPA90,;,A. O. Smith AHPA-90-*-***N****,A. O. Smith AHPA-90-*-***N****  (20kW cap @ 40F),,95,Generic-40,40,SAC 12/18/24
,,256,26,AOSmithAHPA125,;,A. O. Smith AHPA-125-*-***N****,A. O. Smith AHPA-125-*-***N****  (26kW cap @ 40F),,96,Generic-45,45,
,,246,40,AOSmithAHPA185,;,A. O. Smith AHPA-185-*-***N****,A. O. Smith AHPA-185-*-***N****  (40kW cap @ 40F),,10,MITSUBISHI_QAHV_N136TAU_HPB_SP,40,
,,247,45,AOSmithAHPA250,;,A. O. Smith AHPA-250-*-***N****,A. O. Smith AHPA-250-*-***N****  (45kW cap @ 40F),,13,AOSMITH_CAHP2CO-6_SP,10,08/03/26 - SAC (dev #965)
,,353,5,StateSHPA25,;,State SHPA-25-*-***N****,State SHPA-25-*-***N****  (5kW cap @ 40F),,14,AOSMITH_CAHP3CO-6_SP,15,
,,354,11,StateSHPA60,;,State SHPA-60-*-***N****,State SHPA-60-*-***N****  (11kW cap @ 40F),,15,LAARS_ECHV0325_SP,79,
,,355,20,StateSHPA90,;,State SHPA-90-*-***N****,State SHPA-90-*-***N****  (20kW cap @ 40F),,16,NYLE_E360_SP,48,
,,356,26,StateSHPA125,;,State SHPA-125-*-***N****,State SHPA-125-*-***N****  (26kW cap @ 40F),,17,NYLE_E180_SP,33,
,,346,40,StateSHPA185,;,State SHPA-185-*-***N****,State SHPA-185-*-***N****  (40kW cap @ 40F),,18,WATTS_AEGIS_500A_SP,109,
,,347,45,StateSHPA250,;,State SHPA-250-*-***N****,State SHPA-250-*-***N****  (45kW cap @ 40F),,19,Rheem_RMHPHDA068VD_SP,20,
,,167,11,LochinvarAHP060C,;,Lochinvar AHP060-*-***C****,Lochinvar AHP060-*-***C****  (11kW cap @ 40F),,20,Rheem_RMHPHDA120VD_SP,24,
,,168,20,LochinvarAHP090C,;,Lochinvar AHP090-*-***C****,Lochinvar AHP090-*-***C****  (20kW cap @ 40F),,21,Rheem_RMHPHDA068VD_MP,17,
,,169,26,LochinvarAHP125C,;,Lochinvar AHP125-*-***C****,Lochinvar AHP125-*-***C****  (26kW cap @ 40F),,22,Rheem_RMHPHDA120VD_MP,28,
,,170,40,LochinvarAHP185C,;,Lochinvar AHP185-*-***C****,Lochinvar AHP185-*-***C****  (40kW cap @ 40F),,,,,
,,171,45,LochinvarAHP250C,;,Lochinvar AHP250-*-***C****,Lochinvar AHP250-*-***C****  (45kW cap @ 40F),,,,,
,,267,11,AOSmithAHPA60C,;,A. O. Smith AHPA-60-*-***C****,A. O. Smith AHPA-60-*-***C****  (11kW cap @ 40F),,,,,
,,268,20,AOSmithAHPA90C,;,A. O. Smith AHPA-90-*-***C****,A. O. Smith AHPA-90-*-***C****  (20kW cap @ 40F),,,,,
,,269,26,AOSmithAHPA125C,;,A. O. Smith AHPA-125-*-***C****,A. O. Smith AHPA-125-*-***C****  (26kW cap @ 40F),,,,,
,,270,40,AOSmithAHPA185C,;,A. O. Smith AHPA-185-*-***C****,A. O. Smith AHPA-185-*-***C****  (40kW cap @ 40F),,,,,
,,271,45,AOSmithAHPA250C,;,A. O. Smith AHPA-250-*-***C****,A. O. Smith AHPA-250-*-***C****  (45kW cap @ 40F),,,,,
,,367,11,StateSHPA60C,;,State SHPA-60-*-***C****,State SHPA-60-*-***C****  (11kW cap @ 40F),,,,,
,,368,20,StateSHPA90C,;,State SHPA-90-*-***C****,State SHPA-90-*-***C****  (20kW cap @ 40F),,,,,
,,369,26,StateSHPA125C,;,State SHPA-125-*-***C****,State SHPA-125-*-***C****  (26kW cap @ 40F),,,,,
,,370,40,StateSHPA185C,;,State SHPA-185-*-***C****,State SHPA-185-*-***C****  (40kW cap @ 40F),,,,,
,,371,45,StateSHPA250C,;,State SHPA-250-*-***C****,State SHPA-250-*-***C****  (45kW cap @ 40F),,,,,
,,77,14,ColmacCxV5MP,;,Colmac CxV-5 (MP),"Colmac CxV-5 (MP, 14kW cap @ 40F)",multi pass additions - SAC 01/18/22,,,,
,,78,21,ColmacCxA10MP,;,Colmac CxA-10 (MP),"Colmac CxA-10 (MP, 21kW cap @ 40F)",,,,,
,,79,29,ColmacCxA15MP,;,Colmac CxA-15 (MP),"Colmac CxA-15 (MP, 29kW cap @ 40F)",,,,,
,,80,41,ColmacCxA20MP,;,Colmac CxA-20 (MP),"Colmac CxA-20 (MP, 41kW cap @ 40F)",,,,,
,,81,50,ColmacCxA25MP,;,Colmac CxA-25 (MP),"Colmac CxA-25 (MP, 50kW cap @ 40F)",,,,,
,,82,58,ColmacCxA30MP,;,Colmac CxA-30 (MP),"Colmac CxA-30 (MP, 58kW cap @ 40F)",,,,,
,,83,12,RheemHPHD60HNUMP,;,Rheem HPHD-60HNU (horiz MP),"Rheem HPHD-60HNU (horiz MP, 12kW cap @ 45F)",,,,,
,,84,12,RheemHPHD60VNUMP,;,Rheem HPHD-60VNU (vertical MP),"Rheem HPHD-60VNU (vertical MP, 12kW cap @ 45F)",,,,,
,,85,30,RheemHPHD135HNUMP,;,Rheem HPHD-135HNU (horiz MP),"Rheem HPHD-135HNU (horiz MP, 30kW cap @ 45F)",,,,,
,,86,30,RheemHPHD135VNUMP,;,Rheem HPHD-135VNU (vertical MP),"Rheem HPHD-135VNU (vertical MP, 30kW cap @ 45F)",,,,,
,,5,11,NyleC60AMP,;,,"Nyle C60A  (MP, 11kw cap @ 40F)   ",more multi pass options - SAC 02/23/22,,,,
,,6,20,NyleC90AMP,;,,"Nyle C90A  (MP, 20kw cap @ 40F)",,,,,
,,7,26,NyleC125AMP,;,,"Nyle C125A  (MP, 26kw cap @ 40F)",,,,,
,,8,41,NyleC185AMP,;,,"Nyle C185A  (MP, 41kw cap @ 40F)",,,,,
,,9,46,NyleC250AMP,;,,"Nyle C250A  (MP, 46kw cap @ 40F)",,,,,
,,25,11,NyleC60A_CMP,;,,"Nyle C60A-C  (MP, 11kw cap @ 40F)",,,,,
,,26,20,NyleC90A_CMP,;,,"Nyle C90A-C  (MP, 20kw cap @ 40F)",,,,,
,,27,26,NyleC125A_CMP,;,,"Nyle C125A-C  (MP, 26kw cap @ 40F)",,,,,
,,28,41,NyleC185A_CMP,;,,"Nyle C185A-C  (MP, 41kw cap @ 40F)",,,,,
,,29,46,NyleC250A_CMP,;,,"Nyle C250A-C  (MP, 46kw cap @ 40F)",,,,,
,,105,11,LochinvarAHP060MP,;,,"Lochinvar AHP060-*-***N****  (MP, 11kw cap @ 40F)",,,,,
,,106,20,LochinvarAHP090MP,;,,"Lochinvar AHP090-*-***N****  (MP, 20kw cap @ 40F)",,,,,
,,107,26,LochinvarAHP125MP,;,,"Lochinvar AHP125-*-***N****  (MP, 26kw cap @ 40F)",,,,,
,,108,41,LochinvarAHP185MP,;,,"Lochinvar AHP185-*-***N****  (MP, 41kw cap @ 40F)",,,,,
,,109,46,LochinvarAHP250MP,;,,"Lochinvar AHP250-*-***N****  (MP, 46kw cap @ 40F)",,,,,
,,205,11,AOSmithAHPA60MP,;,,"A. O. Smith AHPA-60-*-***N****  (MP, 11kw cap @ 40F)",,,,,
,,206,20,AOSmithAHPA90MP,;,,"A. O. Smith AHPA-90-*-***N****  (MP, 20kw cap @ 40F)",,,,,
,,207,26,AOSmithAHPA125MP,;,,"A. O. Smith AHPA-125-*-***N****  (MP, 26kw cap @ 40F)",,,,,
,,208,41,AOSmithAHPA185MP,;,,"A. O. Smith AHPA-185-*-***N****  (MP, 41kw cap @ 40F)",,,,,
,,209,46,AOSmithAHPA250MP,;,,"A. O. Smith AHPA-250-*-***N****  (MP, 46kw cap @ 40F)",,,,,
,,305,11,StateSHPA60MP,;,,"State SHPA-60-*-***N****  (MP, 11kw cap @ 40F)",,,,,
,,306,20,StateSHPA90MP,;,,"State SHPA-90-*-***N****  (MP, 20kw cap @ 40F)",,,,,
,,307,26,StateSHPA125MP,;,,"State SHPA-125-*-***N****  (MP, 26kw cap @ 40F)",,,,,
,,308,41,StateSHPA185MP,;,,"State SHPA-185-*-***N****  (MP, 41kw cap @ 40F)",,,,,
,,309,46,StateSHPA250MP,;,,"State SHPA-250-*-***N****  (MP, 46kw cap @ 40F)",,,,,
,,125,11,LochinvarAHP060CMP,;,,"Lochinvar AHP060-*-***C****  (MP, 11kw cap @ 40F)",,,,,
,,126,20,LochinvarAHP090CMP,;,,"Lochinvar AHP090-*-***C****  (MP, 20kw cap @ 40F)",,,,,
,,127,26,LochinvarAHP125CMP,;,,"Lochinvar AHP125-*-***C****  (MP, 26kw cap @ 40F)",,,,,
,,128,41,LochinvarAHP185CMP,;,,"Lochinvar AHP185-*-***C****  (MP, 41kw cap @ 40F)",,,,,
,,129,46,LochinvarAHP250CMP,;,,"Lochinvar AHP250-*-***C****  (MP, 46kw cap @ 40F)",,,,,
,,225,11,AOSmithAHPA60CMP,;,,"A. O. Smith AHPA-60-*-***C****  (MP, 11kw cap @ 40F)",,,,,
,,226,20,AOSmithAHPA90CMP,;,,"A. O. Smith AHPA-90-*-***C****  (MP, 20kw cap @ 40F)",,,,,
,,227,26,AOSmithAHPA125CMP,;,,"A. O. Smith AHPA-125-*-***C****  (MP, 26kw cap @ 40F)",,,,,
,,228,41,AOSmithAHPA185CMP,;,,"A. O. Smith AHPA-185-*-***C****  (MP, 41kw cap @ 40F)",,,,,
,,229,46,AOSmithAHPA250CMP,;,,"A. O. Smith AHPA-250-*-***C****  (MP, 46kw cap @ 40F)",,,,,
,,325,11,StateSHPA60CMP,;,,"State SHPA-60-*-***C****  (MP, 11kw cap @ 40F)",,,,,
,,326,20,StateSHPA90CMP,;,,"State SHPA-90-*-***C****  (MP, 20kw cap @ 40F)",,,,,
,,327,26,StateSHPA125CMP,;,,"State SHPA-125-*-***C****  (MP, 26kw cap @ 40F)",,,,,
,,328,41,StateSHPA185CMP,;,,"State SHPA-185-*-***C****  (MP, 41kw cap @ 40F)",,,,,
,,329,46,StateSHPA250CMP,;,,"State SHPA-250-*-***C****  (MP, 46kw cap @ 40F)",,,,,
,,411,70,IceAir_ccHPWH275,;,Ice Air ccHPWH275  (MP 70kW cap @ 40F),,03/04/26 - SAC (dev #736),,,,
,,412,140,IceAir_ccHPWH550,;,Ice Air ccHPWH550  (MP 140kW cap @ 40F),,03/04/26 - SAC (dev #736),,,,
,,113,10,AOSmithCAHP2CO6,;,A.O. Smith CAHP2CO-6  (10kW cap @ 40F),,08/03/26 - SAC (dev #965),,,,
,,213,10,StateCAHP2CO6,;,State CAHP2CO-6  (10kW cap @ 40F),,,,,,
,,313,10,AmericanCAHP2CO6,;,American CAHP2CO-6  (10kW cap @ 40F),,,,,,
,,413,10,LochinvarCAHP2CO6,;,Lochinvar CAHP2CO-6  (10kW cap @ 40F),,,,,,
,,114,15,AOSmithCAHP3CO6,;,A.O. Smith CAHP3CO-6  (15kW cap @ 40F),,,,,,
,,214,15,StateCAHP3CO6,;,State CAHP3CO-6  (15kW cap @ 40F),,,,,,
,,314,15,AmericanCAHP3CO6,;,American CAHP3CO-6  (15kW cap @ 40F),,,,,,
,,414,15,LochinvarCAHP3CO6,;,Lochinvar CAHP3CO-6  (15kW cap @ 40F),,,,,,
,,115,79,LaarsECHV0325,;,Laars ECHV0325  (79kW cap @ 40F),,,,,,
,,215,79,BradfordWhiteCHEV0325,;,Bradford White CHEV0325  (79kW cap @ 40F),,,,,,
,,116,48,NyleE360,;,Nyle e360  (48kW cap @ 40F),,,,,,
,,117,33,NyleE180,;,Nyle e180  (33kW cap @ 40F),,,,,,
,,118,109,LyncAegis500A,;,Lync Aegis 500A  (109kW cap @ 40F),,,,,,
,,119,20,RheemRMHPHDA068VD,;,Rheem RMHPHDA068VD  (20kW cap @ 40F),,,,,,
,,120,24,RheemRMHPHDA120VD,;,Rheem RMHPHDA120VD  (24kW cap @ 40F),,,,,,
,,219,20,RaypackRMHPHDA068VD,;,Raypack RMHPHDA068VD  (20kW cap @ 40F),,,,,,
,,220,24,RaypackRMHPHDA120VD,;,Raypack RMHPHDA120VD  (24kW cap @ 40F),,,,,,
,,319,20,RuudRMHPHDA068VD,;,Ruud RMHPHDA068VD  (20kW cap @ 40F),,,,,,
,,320,24,RuudRMHPHDA120VD,;,Ruud RMHPHDA120VD  (24kW cap @ 40F),,,,,,
,,121,17,RheemRMHPHDA068VDMP,;,"Rheem RMHPHDA068VD  (MP, 17kW cap @ 40F)",,,,,,
,,122,28,RheemRMHPHDA120VDMP,;,"Rheem RMHPHDA120VD  (MP, 28kW cap @ 40F)",,,,,,
,,221,17,RaypackRMHPHDA068VDMP,;,"Raypack RMHPHDA068VD  (MP, 17kW cap @ 40F)",,,,,,
,,222,28,RaypackRMHPHDA120VDMP,;,"Raypack RMHPHDA120VD  (MP, 28kW cap @ 40F)",,,,,,
,,321,17,RuudRMHPHDA068VDMP,;,"Ruud RMHPHDA068VD  (MP, 17kW cap @ 40F)",,,,,,
,,322,28,RuudRMHPHDA120VDMP,;,"Ruud RMHPHDA120VD  (MP, 28kW cap @ 40F)",,,,,,
,,991,5,Generic5kW,;,generic,generic  (5kW cap @ 40F),,,,,
,,992,11,Generic11kW,;,generic,generic  (11kW cap @ 40F),,,,,
,,993,20,Generic20kW,;,generic,generic  (20kW cap @ 40F),,,,,
,,994,26,Generic26kW,;,generic,generic  (26kW cap @ 40F),,,,,
,,995,40,Generic40kW,;,generic,generic  (40kW cap @ 40F),,,,,
,,996,45,Generic45kW,;,generic,generic  (45kW cap @ 40F),,,,,
,,*,0,(report mapping error),;,ERROR,,,,,,
,ENDTABLE,,,,,,,,,,,
